ChoiceManager;100;{x: Int | x > 0};5;10;75;17.09381763311103;2024;65494.0;4.28;6
DepthAwareManager;100;{x: Int | x > 0};5;10;76;23.05615566810593;1839;53907.0;4.223684210526316;6
DynamicProbManager;100;{x: Int | x > 0};5;10;87;10.848797191865742;1805;60745.0;3.7471264367816093;6
ChoiceManager;100;{x: Int | x > 0};5;4;69;23.84908098890446;1466;42243.0;3.739130434782609;6
DepthAwareManager;100;{x: Int | x > 0};5;4;87;14.389673204161227;2241;75288.0;4.126436781609195;6
DynamicProbManager;100;{x: Int | x > 0};5;4;86;14.087734243832529;1671;50786.0;3.802325581395349;6
ChoiceManager;100;{x: Int | x > 0};5;6;85;12.234173442004248;1738;67161.0;3.788235294117647;6
DepthAwareManager;100;{x: Int | x > 0};5;6;83;17.875478910980746;2453;76047.0;4.590361445783133;6
DynamicProbManager;100;{x: Int | x > 0};5;6;78;20.34683420904912;1516;44195.0;3.628205128205128;6
ChoiceManager;100;{x: Int | x > 0};5;8;76;14.555225915974006;1350;46659.0;3.4342105263157894;6
DepthAwareManager;100;{x: Int | x > 0};5;8;79;20.90455532912165;2552;75564.0;4.810126582278481;6
DynamicProbManager;100;{x: Int | x > 0};5;8;85;16.310402618022636;1944;63734.0;3.8823529411764706;6
ChoiceManager;100;{x: Int | x > 0};5;10;75;17.082022653892636;2024;65494.0;4.28;6
DepthAwareManager;100;{x: Int | x > 0};5;10;76;22.70597064192407;1839;53907.0;4.223684210526316;6
DynamicProbManager;100;{x: Int | x > 0};5;10;87;13.515991769032553;1805;60745.0;3.7471264367816093;6
ChoiceManager;100;{x: Int | x > 0};5;4;69;24.27686191094108;1466;42243.0;3.739130434782609;6
DepthAwareManager;100;{x: Int | x > 0};5;4;87;14.346175390994176;2241;75288.0;4.126436781609195;6
DynamicProbManager;100;{x: Int | x > 0};5;4;86;13.971562907099724;1671;50786.0;3.802325581395349;6
ChoiceManager;100;{x: Int | x > 0};5;6;85;12.153431837214157;1738;67161.0;3.788235294117647;6
DepthAwareManager;100;{x: Int | x > 0};5;6;83;15.936737329000607;2453;76047.0;4.590361445783133;6
DynamicProbManager;100;{x: Int | x > 0};5;6;78;20.814034736016765;1516;44195.0;3.628205128205128;6
ChoiceManager;100;{x: Int | x > 0};5;8;76;14.75359350699;1350;46659.0;3.4342105263157894;6
DepthAwareManager;100;{x: Int | x > 0};5;8;79;18.252944697160274;2552;75564.0;4.810126582278481;6
DynamicProbManager;100;{x: Int | x > 0};5;8;85;16.93471511709504;1944;63734.0;3.8823529411764706;6
ChoiceManager;100;{x: Int | x > 0};5;10;75;18.152047341922298;2024;65494.0;4.28;6
DepthAwareManager;100;{x: Int | x > 0};5;10;76;22.658639142056927;1839;53907.0;4.223684210526316;6
DynamicProbManager;100;{x: Int | x > 0};5;10;87;12.282157036941499;1805;60745.0;3.7471264367816093;6
ChoiceManager;100;{x: Int | x > 0};5;4;69;21.476873433915898;1466;42243.0;3.739130434782609;6
DepthAwareManager;100;{x: Int | x > 0};5;4;87;14.135414669988677;2241;75288.0;4.126436781609195;6
DynamicProbManager;100;{x: Int | x > 0};5;4;86;14.526870812056586;1671;50786.0;3.802325581395349;6
ChoiceManager;100;{x: Int | x > 0};5;6;85;11.25556613993831;1738;67161.0;3.788235294117647;6
DepthAwareManager;100;{x: Int | x > 0};5;6;83;18.02612212393433;2453;76047.0;4.590361445783133;6
DynamicProbManager;100;{x: Int | x > 0};5;6;78;19.141174042830244;1516;44195.0;3.628205128205128;6
ChoiceManager;100;{x: Int | x > 0};5;8;76;14.601993029005826;1350;46659.0;3.4342105263157894;6
DepthAwareManager;100;{x: Int | x > 0};5;8;79;19.012240872951224;2552;75564.0;4.810126582278481;6
DynamicProbManager;100;{x: Int | x > 0};5;8;85;17.095121738966554;1944;63734.0;3.8823529411764706;6
ChoiceManager;100;{x: Int | x > 0};5;10;75;19.627042936859652;2024;65494.0;4.28;6
DepthAwareManager;100;{x: Int | x > 0};5;10;76;24.280174382962286;1839;53907.0;4.223684210526316;6
DynamicProbManager;100;{x: Int | x > 0};5;10;87;11.931056605186313;1805;60745.0;3.7471264367816093;6
ChoiceManager;100;{x: Int | x > 0};5;4;69;24.724765829974785;1466;42243.0;3.739130434782609;6
DepthAwareManager;100;{x: Int | x > 0};5;4;87;13.411101256962866;2241;75288.0;4.126436781609195;6
DynamicProbManager;100;{x: Int | x > 0};5;4;86;15.137714313110337;1671;50786.0;3.802325581395349;6
ChoiceManager;100;{x: Int | x > 0};5;6;85;12.661896125180647;1738;67161.0;3.788235294117647;6
DepthAwareManager;100;{x: Int | x > 0};5;6;83;17.790830868994817;2453;76047.0;4.590361445783133;6
DynamicProbManager;100;{x: Int | x > 0};5;6;78;21.88257035193965;1516;44195.0;3.628205128205128;6
ChoiceManager;100;{x: Int | x > 0};5;8;76;15.645804609870538;1350;46659.0;3.4342105263157894;6
DepthAwareManager;100;{x: Int | x > 0};5;8;79;18.095291116973385;2552;75564.0;4.810126582278481;6
DynamicProbManager;100;{x: Int | x > 0};5;8;85;15.581382068106905;1944;63734.0;3.8823529411764706;6
ChoiceManager;100;{x: Int | x > 0};5;10;75;17.98458315595053;2024;65494.0;4.28;6
DepthAwareManager;100;{x: Int | x > 0};5;10;76;23.105575455119833;1839;53907.0;4.223684210526316;6
DynamicProbManager;100;{x: Int | x > 0};5;10;87;11.700590900145471;1805;60745.0;3.7471264367816093;6
ChoiceManager;100;{x: Int | x > 0};5;4;69;23.855041946982965;1466;42243.0;3.739130434782609;6
DepthAwareManager;100;{x: Int | x > 0};5;4;87;13.255647843936458;2241;75288.0;4.126436781609195;6
DynamicProbManager;100;{x: Int | x > 0};5;4;86;13.744045760948211;1671;50786.0;3.802325581395349;6
ChoiceManager;100;{x: Int | x > 0};5;6;85;12.22817922080867;1738;67161.0;3.788235294117647;6
DepthAwareManager;100;{x: Int | x > 0};5;6;83;18.61197821609676;2453;76047.0;4.590361445783133;6
DynamicProbManager;100;{x: Int | x > 0};5;6;78;20.48441856307909;1516;44195.0;3.628205128205128;6
ChoiceManager;100;{x: Int | x > 0};5;8;76;14.45198693079874;1350;46659.0;3.4342105263157894;6
DepthAwareManager;100;{x: Int | x > 0};5;8;79;20.253623589873314;2552;75564.0;4.810126582278481;6
DynamicProbManager;100;{x: Int | x > 0};5;8;85;17.48233326105401;1944;63734.0;3.8823529411764706;6
ChoiceManager;100;{x: Int | x > 0};5;10;75;18.109895054018125;2024;65494.0;4.28;6
DepthAwareManager;100;{x: Int | x > 0};5;10;76;23.403172221966088;1839;53907.0;4.223684210526316;6
DynamicProbManager;100;{x: Int | x > 0};5;10;87;10.188657514983788;1805;60745.0;3.7471264367816093;6
ChoiceManager;100;{x: Int | x > 0};5;4;69;21.566275851102546;1466;42243.0;3.739130434782609;6
DepthAwareManager;100;{x: Int | x > 0};5;4;87;14.428397963987663;2241;75288.0;4.126436781609195;6
DynamicProbManager;100;{x: Int | x > 0};5;4;86;13.921783223981038;1671;50786.0;3.802325581395349;6
ChoiceManager;100;{x: Int | x > 0};5;6;85;12.67141686892137;1738;67161.0;3.788235294117647;6
DepthAwareManager;100;{x: Int | x > 0};5;6;83;18.189676529029384;2453;76047.0;4.590361445783133;6
DynamicProbManager;100;{x: Int | x > 0};5;6;78;19.946429856820032;1516;44195.0;3.628205128205128;6
ChoiceManager;100;{x: Int | x > 0};5;8;76;14.868360741995275;1350;46659.0;3.4342105263157894;6
DepthAwareManager;100;{x: Int | x > 0};5;8;79;21.943235747981817;2552;75564.0;4.810126582278481;6
DynamicProbManager;100;{x: Int | x > 0};5;8;85;17.552194392075762;1944;63734.0;3.8823529411764706;6
ChoiceManager;100;{x: Int | x > 0};5;10;75;16.60008781705983;2024;65494.0;4.28;6
DepthAwareManager;100;{x: Int | x > 0};5;10;76;24.554090871009976;1839;53907.0;4.223684210526316;6
DynamicProbManager;100;{x: Int | x > 0};5;10;87;10.793200860964134;1805;60745.0;3.7471264367816093;6
ChoiceManager;100;{x: Int | x > 0};5;4;69;21.724020701134577;1466;42243.0;3.739130434782609;6
DepthAwareManager;100;{x: Int | x > 0};5;4;87;13.402653696015477;2241;75288.0;4.126436781609195;6
DynamicProbManager;100;{x: Int | x > 0};5;4;86;15.067931158002466;1671;50786.0;3.802325581395349;6
ChoiceManager;100;{x: Int | x > 0};5;6;85;12.288057602010667;1738;67161.0;3.788235294117647;6
DepthAwareManager;100;{x: Int | x > 0};5;6;83;18.642908670008183;2453;76047.0;4.590361445783133;6
DynamicProbManager;100;{x: Int | x > 0};5;6;78;21.212086766026914;1516;44195.0;3.628205128205128;6
ChoiceManager;100;{x: Int | x > 0};5;8;76;15.106717684771866;1350;46659.0;3.4342105263157894;6
DepthAwareManager;100;{x: Int | x > 0};5;8;79;20.43301628693007;2552;75564.0;4.810126582278481;6
DynamicProbManager;100;{x: Int | x > 0};5;8;85;15.815384974936023;1944;63734.0;3.8823529411764706;6
ChoiceManager;100;{x: Int | x > 0};5;10;75;19.57059201411903;2024;65494.0;4.28;6
DepthAwareManager;100;{x: Int | x > 0};5;10;76;24.617325766943395;1839;53907.0;4.223684210526316;6
DynamicProbManager;100;{x: Int | x > 0};5;10;87;11.082009776961058;1805;60745.0;3.7471264367816093;6
ChoiceManager;100;{x: Int | x > 0};5;4;69;22.790242969058454;1466;42243.0;3.739130434782609;6
DepthAwareManager;100;{x: Int | x > 0};5;4;87;14.97510118316859;2241;75288.0;4.126436781609195;6
DynamicProbManager;100;{x: Int | x > 0};5;4;86;13.04279772285372;1671;50786.0;3.802325581395349;6
ChoiceManager;100;{x: Int | x > 0};5;6;85;12.52121775993146;1738;67161.0;3.788235294117647;6
DepthAwareManager;100;{x: Int | x > 0};5;6;83;17.14907080004923;2453;76047.0;4.590361445783133;6
DynamicProbManager;100;{x: Int | x > 0};5;6;78;21.315690756076947;1516;44195.0;3.628205128205128;6
ChoiceManager;100;{x: Int | x > 0};5;8;76;14.931800421094522;1350;46659.0;3.4342105263157894;6
DepthAwareManager;100;{x: Int | x > 0};5;8;79;21.098254234995693;2552;75564.0;4.810126582278481;6
DynamicProbManager;100;{x: Int | x > 0};5;8;85;15.757601944962516;1944;63734.0;3.8823529411764706;6
ChoiceManager;100;{x: Int | x > 0};5;10;75;17.969540084945038;2024;65494.0;4.28;6
DepthAwareManager;100;{x: Int | x > 0};5;10;76;21.763198520988226;1839;53907.0;4.223684210526316;6
DynamicProbManager;100;{x: Int | x > 0};5;10;87;11.974089704919606;1805;60745.0;3.7471264367816093;6
ChoiceManager;100;{x: Int | x > 0};5;4;69;24.750052309129387;1466;42243.0;3.739130434782609;6
DepthAwareManager;100;{x: Int | x > 0};5;4;87;14.760242164833471;2241;75288.0;4.126436781609195;6
DynamicProbManager;100;{x: Int | x > 0};5;4;86;14.597635026089847;1671;50786.0;3.802325581395349;6
ChoiceManager;100;{x: Int | x > 0};5;6;85;12.241396657889709;1738;67161.0;3.788235294117647;6
DepthAwareManager;100;{x: Int | x > 0};5;6;83;17.67833773093298;2453;76047.0;4.590361445783133;6
DynamicProbManager;100;{x: Int | x > 0};5;6;78;18.52419597702101;1516;44195.0;3.628205128205128;6
ChoiceManager;100;{x: Int | x > 0};5;8;76;15.639395711012185;1350;46659.0;3.4342105263157894;6
DepthAwareManager;100;{x: Int | x > 0};5;8;79;20.028142843861133;2552;75564.0;4.810126582278481;6
DynamicProbManager;100;{x: Int | x > 0};5;8;85;16.505723684094846;1944;63734.0;3.8823529411764706;6
ChoiceManager;100;{x: Int | x > 0};5;10;75;19.872105515096337;2024;65494.0;4.28;6
DepthAwareManager;100;{x: Int | x > 0};5;10;76;24.703272382961586;1839;53907.0;4.223684210526316;6
DynamicProbManager;100;{x: Int | x > 0};5;10;87;12.169769133906811;1805;60745.0;3.7471264367816093;6
ChoiceManager;100;{x: Int | x > 0};5;4;69;22.487419732147828;1466;42243.0;3.739130434782609;6
DepthAwareManager;100;{x: Int | x > 0};5;4;87;14.536136538023129;2241;75288.0;4.126436781609195;6
DynamicProbManager;100;{x: Int | x > 0};5;4;86;14.00832558888942;1671;50786.0;3.802325581395349;6
ChoiceManager;100;{x: Int | x > 0};5;6;85;11.98273520800285;1738;67161.0;3.788235294117647;6
DepthAwareManager;100;{x: Int | x > 0};5;6;83;19.209273379994556;2453;76047.0;4.590361445783133;6
DynamicProbManager;100;{x: Int | x > 0};5;6;78;20.217635120963678;1516;44195.0;3.628205128205128;6
ChoiceManager;100;{x: Int | x > 0};5;8;76;14.22058307705447;1350;46659.0;3.4342105263157894;6
DepthAwareManager;100;{x: Int | x > 0};5;8;79;20.041514278855175;2552;75564.0;4.810126582278481;6
DynamicProbManager;100;{x: Int | x > 0};5;8;85;15.792642346117646;1944;63734.0;3.8823529411764706;6
ChoiceManager;100;{x: Int | x > 0};5;10;75;18.08678393322043;2024;65494.0;4.28;6
DepthAwareManager;100;{x: Int | x > 0};5;10;76;22.16135986801237;1839;53907.0;4.223684210526316;6
DynamicProbManager;100;{x: Int | x > 0};5;10;87;10.613435286097229;1805;60745.0;3.7471264367816093;6
ChoiceManager;100;{x: Int | x > 0};5;4;69;24.382500355830416;1466;42243.0;3.739130434782609;6
DepthAwareManager;100;{x: Int | x > 0};5;4;87;13.630084838951007;2241;75288.0;4.126436781609195;6
DynamicProbManager;100;{x: Int | x > 0};5;4;86;13.497279728995636;1671;50786.0;3.802325581395349;6
ChoiceManager;100;{x: Int | x > 0};5;6;85;11.929503771942109;1738;67161.0;3.788235294117647;6
DepthAwareManager;100;{x: Int | x > 0};5;6;83;16.063298469875008;2453;76047.0;4.590361445783133;6
DynamicProbManager;100;{x: Int | x > 0};5;6;78;19.736744482070208;1516;44195.0;3.628205128205128;6
ChoiceManager;100;{x: Int | x > 0};5;8;76;14.469284809892997;1350;46659.0;3.4342105263157894;6
DepthAwareManager;100;{x: Int | x > 0};5;8;79;18.996324545005336;2552;75564.0;4.810126582278481;6
DynamicProbManager;100;{x: Int | x > 0};5;8;85;15.218557599000633;1944;63734.0;3.8823529411764706;6
ChoiceManager;100;{x: Int | x > 0};5;10;75;17.464859382016584;2024;65494.0;4.28;6
DepthAwareManager;100;{x: Int | x > 0};5;10;76;22.10586602985859;1839;53907.0;4.223684210526316;6
DynamicProbManager;100;{x: Int | x > 0};5;10;87;12.389842600096017;1805;60745.0;3.7471264367816093;6
ChoiceManager;100;{x: Int | x > 0};5;4;69;22.802114482037723;1466;42243.0;3.739130434782609;6
DepthAwareManager;100;{x: Int | x > 0};5;4;87;13.855005064979196;2241;75288.0;4.126436781609195;6
DynamicProbManager;100;{x: Int | x > 0};5;4;86;13.629236959852278;1671;50786.0;3.802325581395349;6
ChoiceManager;100;{x: Int | x > 0};5;6;85;11.800025078933686;1738;67161.0;3.788235294117647;6
DepthAwareManager;100;{x: Int | x > 0};5;6;83;17.95395559910685;2453;76047.0;4.590361445783133;6
DynamicProbManager;100;{x: Int | x > 0};5;6;78;20.656158898957074;1516;44195.0;3.628205128205128;6
ChoiceManager;100;{x: Int | x > 0};5;8;76;14.668709713965654;1350;46659.0;3.4342105263157894;6
DepthAwareManager;100;{x: Int | x > 0};5;8;79;20.71907240105793;2552;75564.0;4.810126582278481;6
DynamicProbManager;100;{x: Int | x > 0};5;8;85;17.043972898973152;1944;63734.0;3.8823529411764706;6
ChoiceManager;100;{x: Int | x > 0};5;10;75;20.364855523919687;2024;65494.0;4.28;6
DepthAwareManager;100;{x: Int | x > 0};5;10;76;24.06232628109865;1839;53907.0;4.223684210526316;6
DynamicProbManager;100;{x: Int | x > 0};5;10;87;11.847203834913671;1805;60745.0;3.7471264367816093;6
ChoiceManager;100;{x: Int | x > 0};5;4;69;25.089108645915985;1466;42243.0;3.739130434782609;6
DepthAwareManager;100;{x: Int | x > 0};5;4;87;14.445255927974358;2241;75288.0;4.126436781609195;6
DynamicProbManager;100;{x: Int | x > 0};5;4;86;14.530707615893334;1671;50786.0;3.802325581395349;6
ChoiceManager;100;{x: Int | x > 0};5;6;85;12.105564580997452;1738;67161.0;3.788235294117647;6
DepthAwareManager;100;{x: Int | x > 0};5;6;83;18.99165695090778;2453;76047.0;4.590361445783133;6
DynamicProbManager;100;{x: Int | x > 0};5;6;78;18.235403472092003;1516;44195.0;3.628205128205128;6
ChoiceManager;100;{x: Int | x > 0};5;8;76;14.729759119916707;1350;46659.0;3.4342105263157894;6
DepthAwareManager;100;{x: Int | x > 0};5;8;79;20.490975287975743;2552;75564.0;4.810126582278481;6
DynamicProbManager;100;{x: Int | x > 0};5;8;85;16.013052152935416;1944;63734.0;3.8823529411764706;6
ChoiceManager;100;{x: Int | x > 0};5;10;75;18.410275501199067;2024;65494.0;4.28;6
DepthAwareManager;100;{x: Int | x > 0};5;10;76;23.780027121072635;1839;53907.0;4.223684210526316;6
DynamicProbManager;100;{x: Int | x > 0};5;10;87;11.936964232940227;1805;60745.0;3.7471264367816093;6
ChoiceManager;100;{x: Int | x > 0};5;4;69;21.848144782008603;1466;42243.0;3.739130434782609;6
DepthAwareManager;100;{x: Int | x > 0};5;4;87;14.580796810099855;2241;75288.0;4.126436781609195;6
DynamicProbManager;100;{x: Int | x > 0};5;4;86;14.616725065978244;1671;50786.0;3.802325581395349;6
ChoiceManager;100;{x: Int | x > 0};5;6;85;12.550795286893845;1738;67161.0;3.788235294117647;6
DepthAwareManager;100;{x: Int | x > 0};5;6;83;18.233362694038078;2453;76047.0;4.590361445783133;6
DynamicProbManager;100;{x: Int | x > 0};5;6;78;18.325096423039213;1516;44195.0;3.628205128205128;6
ChoiceManager;100;{x: Int | x > 0};5;8;76;15.22982010897249;1350;46659.0;3.4342105263157894;6
DepthAwareManager;100;{x: Int | x > 0};5;8;79;20.198955541010946;2552;75564.0;4.810126582278481;6
DynamicProbManager;100;{x: Int | x > 0};5;8;85;15.386137312976643;1944;63734.0;3.8823529411764706;6
ChoiceManager;100;{x: Int | x > 0};5;10;75;17.841001395136118;2024;65494.0;4.28;6
DepthAwareManager;100;{x: Int | x > 0};5;10;76;23.042123483959585;1839;53907.0;4.223684210526316;6
DynamicProbManager;100;{x: Int | x > 0};5;10;87;10.99257258605212;1805;60745.0;3.7471264367816093;6
ChoiceManager;100;{x: Int | x > 0};5;4;69;22.869693242944777;1466;42243.0;3.739130434782609;6
DepthAwareManager;100;{x: Int | x > 0};5;4;87;14.473669863073155;2241;75288.0;4.126436781609195;6
DynamicProbManager;100;{x: Int | x > 0};5;4;86;14.524362618103623;1671;50786.0;3.802325581395349;6
ChoiceManager;100;{x: Int | x > 0};5;6;85;12.350904088001698;1738;67161.0;3.788235294117647;6
DepthAwareManager;100;{x: Int | x > 0};5;6;83;18.046973817050457;2453;76047.0;4.590361445783133;6
DynamicProbManager;100;{x: Int | x > 0};5;6;78;21.302887476049364;1516;44195.0;3.628205128205128;6
ChoiceManager;100;{x: Int | x > 0};5;8;76;14.240657663205639;1350;46659.0;3.4342105263157894;6
DepthAwareManager;100;{x: Int | x > 0};5;8;79;20.17055360903032;2552;75564.0;4.810126582278481;6
DynamicProbManager;100;{x: Int | x > 0};5;8;85;15.543854580959305;1944;63734.0;3.8823529411764706;6
ChoiceManager;100;{x: Int | x > 0};5;10;75;16.530137217137963;2024;65494.0;4.28;6
DepthAwareManager;100;{x: Int | x > 0};5;10;76;22.82909133215435;1839;53907.0;4.223684210526316;6
DynamicProbManager;100;{x: Int | x > 0};5;10;87;12.526826047105715;1805;60745.0;3.7471264367816093;6
ChoiceManager;100;{x: Int | x > 0};5;4;69;25.080503178061917;1466;42243.0;3.739130434782609;6
DepthAwareManager;100;{x: Int | x > 0};5;4;87;14.230845923069865;2241;75288.0;4.126436781609195;6
DynamicProbManager;100;{x: Int | x > 0};5;4;86;13.581940463045612;1671;50786.0;3.802325581395349;6
ChoiceManager;100;{x: Int | x > 0};5;6;85;12.606391507200897;1738;67161.0;3.788235294117647;6
DepthAwareManager;100;{x: Int | x > 0};5;6;83;17.55023051891476;2453;76047.0;4.590361445783133;6
DynamicProbManager;100;{x: Int | x > 0};5;6;78;19.600347795989364;1516;44195.0;3.628205128205128;6
ChoiceManager;100;{x: Int | x > 0};5;8;76;15.431823738850653;1350;46659.0;3.4342105263157894;6
DepthAwareManager;100;{x: Int | x > 0};5;8;79;19.436197843169793;2552;75564.0;4.810126582278481;6
DynamicProbManager;100;{x: Int | x > 0};5;8;85;17.480498451041058;1944;63734.0;3.8823529411764706;6
ChoiceManager;100;{x: Int | x > 0};5;10;75;19.046008817851543;2024;65494.0;4.28;6
DepthAwareManager;100;{x: Int | x > 0};5;10;76;13.205585611984134;1839;53907.0;4.223684210526316;6
DynamicProbManager;100;{x: Int | x > 0};5;10;87;6.2288213728461415;1805;60745.0;3.7471264367816093;6
ChoiceManager;100;{x: Int | x > 0};5;4;69;21.855800379998982;1466;42243.0;3.739130434782609;6
DepthAwareManager;100;{x: Int | x > 0};5;4;87;13.75939254113473;2241;75288.0;4.126436781609195;6
DynamicProbManager;100;{x: Int | x > 0};5;4;86;8.438012032071128;1671;50786.0;3.802325581395349;6
ChoiceManager;100;{x: Int | x > 0};5;6;85;13.208155832020566;1738;67161.0;3.788235294117647;6
DepthAwareManager;100;{x: Int | x > 0};5;6;83;16.505109071964398;2453;76047.0;4.590361445783133;6
DynamicProbManager;100;{x: Int | x > 0};5;6;78;12.39116245508194;1516;44195.0;3.628205128205128;6
ChoiceManager;100;{x: Int | x > 0};5;8;76;14.801364783197641;1350;46659.0;3.4342105263157894;6
DepthAwareManager;100;{x: Int | x > 0};5;8;79;19.904743172228336;2552;75564.0;4.810126582278481;6
DynamicProbManager;100;{x: Int | x > 0};5;8;85;8.68953733984381;1944;63734.0;3.8823529411764706;6
ChoiceManager;100;{x: Int | x > 0};5;10;75;16.337011846946552;2024;65494.0;4.28;6
DepthAwareManager;100;{x: Int | x > 0};5;10;76;15.028529508039355;1839;53907.0;4.223684210526316;6
DynamicProbManager;100;{x: Int | x > 0};5;10;87;6.224625896196812;1805;60745.0;3.7471264367816093;6
ChoiceManager;100;{x: Int | x > 0};5;4;69;24.321873873006552;1466;42243.0;3.739130434782609;6
DepthAwareManager;100;{x: Int | x > 0};5;4;87;10.784780390094966;2241;75288.0;4.126436781609195;6
DynamicProbManager;100;{x: Int | x > 0};5;4;86;12.352172596845776;1671;50786.0;3.802325581395349;6
ChoiceManager;100;{x: Int | x > 0};5;6;85;12.690047789132223;1738;67161.0;3.788235294117647;6
DepthAwareManager;100;{x: Int | x > 0};5;6;83;10.517667160835117;2453;76047.0;4.590361445783133;6
DynamicProbManager;100;{x: Int | x > 0};5;6;78;12.39639200316742;1516;44195.0;3.628205128205128;6
ChoiceManager;100;{x: Int | x > 0};5;8;76;14.700992393074557;1350;46659.0;3.4342105263157894;6
DepthAwareManager;100;{x: Int | x > 0};5;8;79;15.732148661045358;2552;75564.0;4.810126582278481;6
DynamicProbManager;100;{x: Int | x > 0};5;8;85;8.740909097949043;1944;63734.0;3.8823529411764706;6
ChoiceManager;100;{x: Int | x > 0};5;10;75;16.889833440072834;2024;65494.0;4.28;6
DepthAwareManager;100;{x: Int | x > 0};5;10;76;13.029767848085612;1839;53907.0;4.223684210526316;6
DynamicProbManager;100;{x: Int | x > 0};5;10;87;6.487699830904603;1805;60745.0;3.7471264367816093;6
ChoiceManager;100;{x: Int | x > 0};5;4;69;23.552584836026654;1466;42243.0;3.739130434782609;6
DepthAwareManager;100;{x: Int | x > 0};5;4;87;9.98599685402587;2241;75288.0;4.126436781609195;6
DynamicProbManager;100;{x: Int | x > 0};5;4;86;9.14310574089177;1671;50786.0;3.802325581395349;6
ChoiceManager;100;{x: Int | x > 0};5;6;85;11.97256042691879;1738;67161.0;3.788235294117647;6
DepthAwareManager;100;{x: Int | x > 0};5;6;83;11.184692810988054;2453;76047.0;4.590361445783133;6
DynamicProbManager;100;{x: Int | x > 0};5;6;78;10.8186387559399;1516;44195.0;3.628205128205128;6
ChoiceManager;100;{x: Int | x > 0};5;8;76;14.546977177029476;1350;46659.0;3.4342105263157894;6
DepthAwareManager;100;{x: Int | x > 0};5;8;79;17.550819333875552;2552;75564.0;4.810126582278481;6
DynamicProbManager;100;{x: Int | x > 0};5;8;85;8.654122405918315;1944;63734.0;3.8823529411764706;6
ChoiceManager;100;{x: Int | x > 0};5;10;75;17.371181706897914;2024;65494.0;4.28;6
DepthAwareManager;100;{x: Int | x > 0};5;10;76;12.582423961022869;1839;53907.0;4.223684210526316;6
DynamicProbManager;100;{x: Int | x > 0};5;10;87;7.692201355006546;1805;60745.0;3.7471264367816093;6
ChoiceManager;100;{x: Int | x > 0};5;4;69;26.731992142042145;1466;42243.0;3.739130434782609;6
DepthAwareManager;100;{x: Int | x > 0};5;4;87;7.7250262019224465;2241;75288.0;4.126436781609195;6
DynamicProbManager;100;{x: Int | x > 0};5;4;86;7.76528742397204;1671;50786.0;3.802325581395349;6
ChoiceManager;100;{x: Int | x > 0};5;6;85;13.41296272794716;1738;67161.0;3.788235294117647;6
DepthAwareManager;100;{x: Int | x > 0};5;6;83;11.750227944925427;2453;76047.0;4.590361445783133;6
DynamicProbManager;100;{x: Int | x > 0};5;6;78;10.99655575491488;1516;44195.0;3.628205128205128;6
ChoiceManager;100;{x: Int | x > 0};5;8;76;15.311739824945107;1350;46659.0;3.4342105263157894;6
DepthAwareManager;100;{x: Int | x > 0};5;8;79;15.227637586882338;2552;75564.0;4.810126582278481;6
DynamicProbManager;100;{x: Int | x > 0};5;8;85;8.713736179983243;1944;63734.0;3.8823529411764706;6
ChoiceManager;100;{x: Int | x > 0};5;10;75;16.588724818080664;2024;65494.0;4.28;6
DepthAwareManager;100;{x: Int | x > 0};5;10;76;12.696162364911288;1839;53907.0;4.223684210526316;6
DynamicProbManager;100;{x: Int | x > 0};5;10;87;6.440341880079359;1805;60745.0;3.7471264367816093;6
ChoiceManager;100;{x: Int | x > 0};5;4;69;23.495149056892842;1466;42243.0;3.739130434782609;6
DepthAwareManager;100;{x: Int | x > 0};5;4;87;9.657682422082871;2241;75288.0;4.126436781609195;6
DynamicProbManager;100;{x: Int | x > 0};5;4;86;7.917899899883196;1671;50786.0;3.802325581395349;6
ChoiceManager;100;{x: Int | x > 0};5;6;85;12.577418995089829;1738;67161.0;3.788235294117647;6
DepthAwareManager;100;{x: Int | x > 0};5;6;83;10.26563544292003;2453;76047.0;4.590361445783133;6
DynamicProbManager;100;{x: Int | x > 0};5;6;78;10.614414762007073;1516;44195.0;3.628205128205128;6
ChoiceManager;100;{x: Int | x > 0};5;8;76;16.547210074961185;1350;46659.0;3.4342105263157894;6
DepthAwareManager;100;{x: Int | x > 0};5;8;79;12.983234725194052;2552;75564.0;4.810126582278481;6
DynamicProbManager;100;{x: Int | x > 0};5;8;85;8.579167722025886;1944;63734.0;3.8823529411764706;6
ChoiceManager;100;{x: Int | x > 0};5;10;75;19.062142924172804;2024;65494.0;4.28;6
DepthAwareManager;100;{x: Int | x > 0};5;10;76;25.798326950054616;1839;53907.0;4.223684210526316;6
DynamicProbManager;100;{x: Int | x > 0};5;10;87;11.017843265086412;1805;60745.0;3.7471264367816093;6
ChoiceManager;100;{x: Int | x > 0};5;4;69;25.405591849936172;1466;42243.0;3.739130434782609;6
DepthAwareManager;100;{x: Int | x > 0};5;4;87;13.828176914015785;2241;75288.0;4.126436781609195;6
DynamicProbManager;100;{x: Int | x > 0};5;4;86;14.1337543069385;1671;50786.0;3.802325581395349;6
ChoiceManager;100;{x: Int | x > 0};5;6;85;12.640020530903712;1738;67161.0;3.788235294117647;6
DepthAwareManager;100;{x: Int | x > 0};5;6;83;16.766111764125526;2453;76047.0;4.590361445783133;6
DynamicProbManager;100;{x: Int | x > 0};5;6;78;18.365413690917194;1516;44195.0;3.628205128205128;6
ChoiceManager;100;{x: Int | x > 0};5;8;76;15.255372978979722;1350;46659.0;3.4342105263157894;6
DepthAwareManager;100;{x: Int | x > 0};5;8;79;19.295025632018223;2552;75564.0;4.810126582278481;6
DynamicProbManager;100;{x: Int | x > 0};5;8;85;16.71855067112483;1944;63734.0;3.8823529411764706;6
ChoiceManager;100;{x: Int | x > 0};5;10;75;15.364053789060563;2024;65494.0;4.28;6
DepthAwareManager;100;{x: Int | x > 0};5;10;76;16.230284339981154;1839;53907.0;4.223684210526316;6
DynamicProbManager;100;{x: Int | x > 0};5;10;87;6.014694418990985;1805;60745.0;3.7471264367816093;6
ChoiceManager;100;{x: Int | x > 0};5;4;69;21.76817924203351;1466;42243.0;3.739130434782609;6
DepthAwareManager;100;{x: Int | x > 0};5;4;87;7.5773754310794175;2241;75288.0;4.126436781609195;6
DynamicProbManager;100;{x: Int | x > 0};5;4;86;9.61311564501375;1671;50786.0;3.802325581395349;6
ChoiceManager;100;{x: Int | x > 0};5;6;85;11.863419474102557;1738;67161.0;3.788235294117647;6
DepthAwareManager;100;{x: Int | x > 0};5;6;83;9.86784477205947;2453;76047.0;4.590361445783133;6
DynamicProbManager;100;{x: Int | x > 0};5;6;78;10.453894386999309;1516;44195.0;3.628205128205128;6
ChoiceManager;100;{x: Int | x > 0};5;8;76;13.333951106062159;1350;46659.0;3.4342105263157894;6
DepthAwareManager;100;{x: Int | x > 0};5;8;79;12.792506219120696;2552;75564.0;4.810126582278481;6
DynamicProbManager;100;{x: Int | x > 0};5;8;85;8.438243255019188;1944;63734.0;3.8823529411764706;6
ChoiceManager;100;{x: Int | x > 0};5;10;75;17.79175892006606;2024;65494.0;4.28;6
DepthAwareManager;100;{x: Int | x > 0};5;10;76;23.80447767395526;1839;53907.0;4.223684210526316;6
DynamicProbManager;100;{x: Int | x > 0};5;10;87;11.580527543090284;1805;60745.0;3.7471264367816093;6
ChoiceManager;100;{x: Int | x > 0};5;4;69;23.695932587841526;1466;42243.0;3.739130434782609;6
DepthAwareManager;100;{x: Int | x > 0};5;4;87;13.05012278095819;2241;75288.0;4.126436781609195;6
DynamicProbManager;100;{x: Int | x > 0};5;4;86;14.550192337017506;1671;50786.0;3.802325581395349;6
ChoiceManager;100;{x: Int | x > 0};5;6;85;11.433334841858596;1738;67161.0;3.788235294117647;6
DepthAwareManager;100;{x: Int | x > 0};5;6;83;18.0312647880055;2453;76047.0;4.590361445783133;6
DynamicProbManager;100;{x: Int | x > 0};5;6;78;19.927054050844163;1516;44195.0;3.628205128205128;6
ChoiceManager;100;{x: Int | x > 0};5;8;76;14.047242970904335;1350;46659.0;3.4342105263157894;6
DepthAwareManager;100;{x: Int | x > 0};5;8;79;19.97800583206117;2552;75564.0;4.810126582278481;6
DynamicProbManager;100;{x: Int | x > 0};5;8;85;16.430323876906186;1944;63734.0;3.8823529411764706;6
ChoiceManager;100;{x: Int | x > 0};5;10;75;16.922123142983764;2024;65494.0;4.28;6
DepthAwareManager;100;{x: Int | x > 0};5;10;76;25.12644839915447;1839;53907.0;4.223684210526316;6
DynamicProbManager;100;{x: Int | x > 0};5;10;87;10.384943642886356;1805;60745.0;3.7471264367816093;6
ChoiceManager;100;{x: Int | x > 0};5;4;69;20.961933461017907;1466;42243.0;3.739130434782609;6
DepthAwareManager;100;{x: Int | x > 0};5;4;87;14.13833954394795;2241;75288.0;4.126436781609195;6
DynamicProbManager;100;{x: Int | x > 0};5;4;86;13.316191943129525;1671;50786.0;3.802325581395349;6
ChoiceManager;100;{x: Int | x > 0};5;6;85;12.047025653067976;1738;67161.0;3.788235294117647;6
DepthAwareManager;100;{x: Int | x > 0};5;6;83;18.15782269393094;2453;76047.0;4.590361445783133;6
DynamicProbManager;100;{x: Int | x > 0};5;6;78;18.452164945891127;1516;44195.0;3.628205128205128;6
ChoiceManager;100;{x: Int | x > 0};5;8;76;13.654947564937174;1350;46659.0;3.4342105263157894;6
DepthAwareManager;100;{x: Int | x > 0};5;8;79;19.477584154810756;2552;75564.0;4.810126582278481;6
DynamicProbManager;100;{x: Int | x > 0};5;8;85;16.053011970128864;1944;63734.0;3.8823529411764706;6
ChoiceManager;100;{x: Int | x > 0};5;10;75;17.767571160104126;2024;65494.0;4.28;6
DepthAwareManager;100;{x: Int | x > 0};5;10;76;23.11003854498267;1839;53907.0;4.223684210526316;6
DynamicProbManager;100;{x: Int | x > 0};5;10;87;9.668952406849712;1805;60745.0;3.7471264367816093;6
ChoiceManager;100;{x: Int | x > 0};5;4;69;23.50052531901747;1466;42243.0;3.739130434782609;6
DepthAwareManager;100;{x: Int | x > 0};5;4;87;14.201977386139333;2241;75288.0;4.126436781609195;6
DynamicProbManager;100;{x: Int | x > 0};5;4;86;16.575208551017568;1671;50786.0;3.802325581395349;6
ChoiceManager;100;{x: Int | x > 0};5;6;85;12.241766270948574;1738;67161.0;3.788235294117647;6
DepthAwareManager;100;{x: Int | x > 0};5;6;83;17.230213158065453;2453;76047.0;4.590361445783133;6
DynamicProbManager;100;{x: Int | x > 0};5;6;78;19.014239731011912;1516;44195.0;3.628205128205128;6
ChoiceManager;100;{x: Int | x > 0};5;8;76;14.34674066118896;1350;46659.0;3.4342105263157894;6
DepthAwareManager;100;{x: Int | x > 0};5;8;79;18.93668360891752;2552;75564.0;4.810126582278481;6
DynamicProbManager;100;{x: Int | x > 0};5;8;85;16.99283218383789;1944;63734.0;3.8823529411764706;6
ChoiceManager;100;{x: Int | x > 0};5;10;75;17.54625255893916;2024;65494.0;4.28;6
DepthAwareManager;100;{x: Int | x > 0};5;10;76;23.068566983100027;1839;53907.0;4.223684210526316;6
DynamicProbManager;100;{x: Int | x > 0};5;10;87;12.659281401894987;1805;60745.0;3.7471264367816093;6
ChoiceManager;100;{x: Int | x > 0};5;4;69;23.600085665937513;1466;42243.0;3.739130434782609;6
DepthAwareManager;100;{x: Int | x > 0};5;4;87;13.611339926952496;2241;75288.0;4.126436781609195;6
DynamicProbManager;100;{x: Int | x > 0};5;4;86;14.136591367190704;1671;50786.0;3.802325581395349;6
ChoiceManager;100;{x: Int | x > 0};5;6;85;11.33250766992569;1738;67161.0;3.788235294117647;6
DepthAwareManager;100;{x: Int | x > 0};5;6;83;17.525886406889185;2453;76047.0;4.590361445783133;6
DynamicProbManager;100;{x: Int | x > 0};5;6;78;20.167898007901385;1516;44195.0;3.628205128205128;6
ChoiceManager;100;{x: Int | x > 0};5;8;76;13.481080119963735;1350;46659.0;3.4342105263157894;6
DepthAwareManager;100;{x: Int | x > 0};5;8;79;20.524749375879765;2552;75564.0;4.810126582278481;6
DynamicProbManager;100;{x: Int | x > 0};5;8;85;16.4944241149351;1944;63734.0;3.8823529411764706;6
ChoiceManager;100;{x: Int | x > 0};5;10;75;17.046357861952856;2024;65494.0;4.28;6
DepthAwareManager;100;{x: Int | x > 0};5;10;76;22.46143475198187;1839;53907.0;4.223684210526316;6
DynamicProbManager;100;{x: Int | x > 0};5;10;87;11.496934260008857;1805;60745.0;3.7471264367816093;6
ChoiceManager;100;{x: Int | x > 0};5;4;69;22.267293096054345;1466;42243.0;3.739130434782609;6
DepthAwareManager;100;{x: Int | x > 0};5;4;87;13.71295117889531;2241;75288.0;4.126436781609195;6
DynamicProbManager;100;{x: Int | x > 0};5;4;86;15.162232962902635;1671;50786.0;3.802325581395349;6
ChoiceManager;100;{x: Int | x > 0};5;6;85;11.15153487981297;1738;67161.0;3.788235294117647;6
DepthAwareManager;100;{x: Int | x > 0};5;6;83;16.84638698399067;2453;76047.0;4.590361445783133;6
DynamicProbManager;100;{x: Int | x > 0};5;6;78;18.335698074894026;1516;44195.0;3.628205128205128;6
ChoiceManager;100;{x: Int | x > 0};5;8;76;14.646528126206249;1350;46659.0;3.4342105263157894;6
DepthAwareManager;100;{x: Int | x > 0};5;8;79;19.694096823921427;2552;75564.0;4.810126582278481;6
DynamicProbManager;100;{x: Int | x > 0};5;8;85;16.40779792284593;1944;63734.0;3.8823529411764706;6
ChoiceManager;100;{x: Int | x > 0};5;10;75;15.355331231839955;2024;65494.0;4.28;6
DepthAwareManager;100;{x: Int | x > 0};5;10;76;22.59599053603597;1839;53907.0;4.223684210526316;6
DynamicProbManager;100;{x: Int | x > 0};5;10;87;10.849671080010012;1805;60745.0;3.7471264367816093;6
ChoiceManager;100;{x: Int | x > 0};5;4;69;22.03571053710766;1466;42243.0;3.739130434782609;6
DepthAwareManager;100;{x: Int | x > 0};5;4;87;13.076924291905016;2241;75288.0;4.126436781609195;6
DynamicProbManager;100;{x: Int | x > 0};5;4;86;13.177835671929643;1671;50786.0;3.802325581395349;6
ChoiceManager;100;{x: Int | x > 0};5;6;85;11.338356266962364;1738;67161.0;3.788235294117647;6
DepthAwareManager;100;{x: Int | x > 0};5;6;83;18.264691605931148;2453;76047.0;4.590361445783133;6
DynamicProbManager;100;{x: Int | x > 0};5;6;78;21.509208281058818;1516;44195.0;3.628205128205128;6
ChoiceManager;100;{x: Int | x > 0};5;8;76;14.018522690981627;1350;46659.0;3.4342105263157894;6
DepthAwareManager;100;{x: Int | x > 0};5;8;79;19.828764838166535;2552;75564.0;4.810126582278481;6
DynamicProbManager;100;{x: Int | x > 0};5;8;85;18.46597092715092;1944;63734.0;3.8823529411764706;6
ChoiceManager;100;{x: Int | x > 0};5;10;75;17.481231775134802;2024;65494.0;4.28;6
DepthAwareManager;100;{x: Int | x > 0};5;10;76;22.534571264870465;1839;53907.0;4.223684210526316;6
DynamicProbManager;100;{x: Int | x > 0};5;10;87;11.221619869815186;1805;60745.0;3.7471264367816093;6
ChoiceManager;100;{x: Int | x > 0};5;4;69;24.44525709399022;1466;42243.0;3.739130434782609;6
DepthAwareManager;100;{x: Int | x > 0};5;4;87;13.542442073114216;2241;75288.0;4.126436781609195;6
DynamicProbManager;100;{x: Int | x > 0};5;4;86;14.850385911995545;1671;50786.0;3.802325581395349;6
ChoiceManager;100;{x: Int | x > 0};5;6;85;11.429595760069788;1738;67161.0;3.788235294117647;6
DepthAwareManager;100;{x: Int | x > 0};5;6;83;18.79703322192654;2453;76047.0;4.590361445783133;6
DynamicProbManager;100;{x: Int | x > 0};5;6;78;22.284656818024814;1516;44195.0;3.628205128205128;6
ChoiceManager;100;{x: Int | x > 0};5;8;76;14.681832242989913;1350;46659.0;3.4342105263157894;6
DepthAwareManager;100;{x: Int | x > 0};5;8;79;20.285731642972678;2552;75564.0;4.810126582278481;6
DynamicProbManager;100;{x: Int | x > 0};5;8;85;15.745023876894265;1944;63734.0;3.8823529411764706;6
